{"Month":{"0":"01","1":"02","2":"03","3":"04","4":"05","5":"06","6":"07","7":"08","8":"09","9":"10","10":"11","11":"12"},"Total No. Cases":{"0":18,"1":18,"2":19,"3":22,"4":17,"5":17,"6":20,"7":15,"8":18,"9":19,"10":12,"11":18},"Daily No. Cases":{"0":2.7,"1":2.6,"2":2.5,"3":2.4,"4":1.6,"5":2.4,"6":1.5,"7":2.4,"8":3.3,"9":2.8,"10":1.8,"11":2.2},"Total No. Alerts":{"0":103,"1":84,"2":118,"3":75,"4":51,"5":71,"6":47,"7":71,"8":91,"9":47,"10":16,"11":17},"Daily No. Alerts":{"0":4.9047619048,"1":4.4210526316,"2":4.9166666667,"3":3.9473684211,"4":2.6842105263,"5":3.2272727273,"6":2.6111111111,"7":3.55,"8":4.7894736842,"9":3.9166666667,"10":1.4545454545,"11":1.8888888889}}